listing_id,seller_id,buyer_id,category,item_price,shipping_price,listing_age_days,views,likes,add_to_cart,purchased,seller_rating,buyer_returning,region
1,103,217,accessories,20.65,3.49,30,6,1,0,1,4.84,yes,Other
2,180,689,electronics,13.6,3.49,6,32,6,0,0,4.22,yes,Pärnu
3,93,461,accessories,112.13,4.99,3,18,3,0,0,5.0,yes,Pärnu
4,15,610,clothing,21.69,5.99,10,24,5,0,0,5.0,yes,Narva
5,107,105,shoes,26.74,2.99,19,26,4,0,0,4.78,yes,Other
6,72,99,clothing,36.09,2.49,9,44,2,1,0,3.87,no,Other
7,189,511,clothing,25.29,2.49,1,64,2,0,0,4.4,no,Narva
8,21,385,home,80.36,5.99,16,34,3,1,0,4.81,no,Other
9,103,405,clothing,15.87,4.99,42,22,4,0,0,,yes,Tallinn
10,122,518,shoes,28.11,4.99,9,31,5,0,0,5.0,no,Pärnu
11,211,476,bags,14.59,5.99,4,22,6,0,0,4.81,no,Pärnu
12,215,645,accessories,9.74,4.99,11,56,6,0,0,,yes,Pärnu
13,75,437,bags,15.99,2.49,1,80,6,0,0,4.61,no,Tartu
14,203,23,clothing,23.9,2.49,31,68,2,0,0,4.29,no,Tallinn
15,88,565,clothing,18.16,2.99,32,179,2,1,0,4.54,no,Tallinn
16,117,677,shoes,15.11,5.99,16,233,5,1,0,4.41,yes,Narva
17,100,458,clothing,9.17,3.49,8,10,4,0,0,5.0,yes,Tartu
18,104,83,shoes,23.15,3.49,29,22,3,1,0,5.0,no,Other
19,152,145,clothing,8.56,2.99,15,287,3,0,0,4.1,yes,Tallinn
20,131,85,clothing,41.76,2.99,31,29,5,0,0,3.93,no,Tartu
21,150,78,shoes,25.99,4.99,18,37,1,1,0,4.51,no,Tartu
22,53,457,clothing,8.84,2.99,28,8,3,0,1,4.07,no,Tallinn
23,2,1,bags,19.76,2.99,16,34,7,0,0,4.62,yes,Narva
24,88,51,accessories,14.49,3.49,10,171,5,0,0,4.86,no,Tartu
25,236,685,electronics,30.67,4.99,57,95,6,0,0,5.0,yes,Pärnu
26,158,446,clothing,62.7,2.99,14,17,5,0,0,,no,Tartu
27,38,449,clothing,6.6,2.99,17,21,4,0,0,4.53,no,Other
28,130,488,clothing,26.59,4.99,4,11,4,0,0,3.91,yes,Tallinn
29,192,34,bags,21.93,5.99,18,14,4,0,1,,no,Other
30,188,348,accessories,39.25,4.99,15,5,5,0,0,4.62,yes,Narva
31,21,95,clothing,28.48,3.49,4,28,3,0,0,4.82,yes,Pärnu
32,161,72,home,14.49,5.99,1,117,5,0,0,4.35,yes,Tallinn
33,204,551,clothing,19.62,2.49,17,41,5,0,0,4.45,yes,Tartu
34,58,154,bags,14.05,4.99,26,102,0,0,0,4.08,yes,Pärnu
35,22,250,accessories,52.1,3.49,13,79,5,0,0,3.8,yes,Tartu
36,236,674,electronics,24.9,5.99,5,18,2,1,0,4.21,no,Narva
37,89,438,accessories,92.84,4.99,20,15,6,0,0,4.05,no,Tallinn
38,49,118,electronics,23.51,2.99,2,16,4,0,0,4.72,no,Narva
39,219,306,clothing,14.94,4.99,10,6,3,0,0,4.42,yes,Narva
40,59,268,electronics,8.5,2.49,3,31,5,0,1,4.41,no,Narva
41,170,54,clothing,6.94,4.99,4,2,7,1,0,4.26,no,Narva
42,220,236,home,8.09,5.99,4,51,4,0,0,3.47,yes,Tartu
43,188,389,bags,29.58,5.99,9,32,2,0,0,5.0,no,Other
44,208,401,electronics,35.03,4.99,1,46,5,0,0,4.25,yes,Tartu
45,15,624,shoes,8.11,5.99,9,78,3,0,0,4.46,no,Pärnu
46,190,303,bags,45.9,2.99,13,36,0,0,0,,yes,Narva
47,190,207,shoes,17.49,4.99,12,130,3,0,1,4.94,yes,Pärnu
48,175,229,accessories,27.19,2.99,9,52,9,0,0,4.65,no,Tartu
49,190,578,clothing,75.83,2.99,33,15,4,0,0,4.31,yes,Narva
50,51,75,clothing,45.96,3.49,3,24,5,1,0,4.46,yes,Tartu
51,108,435,clothing,20.33,4.99,13,4,4,0,0,5.0,no,Narva
52,55,103,clothing,13.15,5.99,1,13,2,0,0,4.57,no,Tartu
53,244,422,electronics,5.44,2.99,1,21,3,1,0,4.54,no,Tallinn
54,64,306,clothing,14.83,3.49,15,49,4,0,0,4.27,yes,Other
55,249,98,home,21.16,4.99,15,15,5,0,0,3.94,yes,Other
56,131,335,clothing,12.29,4.99,38,10,4,0,0,,no,Narva
57,229,435,clothing,22.38,2.49,15,5,5,0,0,4.71,yes,Tallinn
58,51,447,accessories,25.89,2.49,58,18,4,0,0,4.98,yes,Pärnu
59,135,308,accessories,20.96,2.99,1,173,4,0,0,3.81,yes,Tallinn
60,21,249,shoes,15.56,2.49,2,38,5,1,0,4.21,yes,Narva
61,73,166,bags,27.61,2.99,1,70,5,1,0,4.4,yes,Tallinn
62,167,481,accessories,33.43,5.99,4,13,3,0,0,4.6,yes,Pärnu
63,18,335,clothing,11.44,2.99,14,7,3,0,0,4.55,yes,Narva
64,132,542,home,65.87,2.49,19,10,2,0,0,4.56,yes,Other
65,89,106,home,22.9,5.99,1,27,1,0,0,4.74,yes,Tallinn
66,60,563,accessories,24.86,2.49,53,5,6,0,1,4.28,yes,Other
67,14,81,clothing,40.28,2.99,33,12,3,0,0,,no,Other
68,242,133,accessories,28.88,3.49,6,18,3,0,1,,no,Tartu
69,9,138,clothing,47.81,4.99,1,9,3,1,0,4.49,yes,Pärnu
70,90,184,clothing,29.99,2.49,3,4,5,0,0,5.0,yes,Tallinn
71,53,401,clothing,15.98,2.99,2,39,4,0,0,5.0,yes,Other
72,130,330,shoes,31.6,5.99,2,31,6,1,0,4.93,yes,Other
73,84,508,electronics,11.02,2.49,13,60,3,0,1,3.54,yes,Pärnu
74,92,69,accessories,26.47,2.49,5,11,1,0,0,5.0,yes,Other
75,111,546,accessories,23.97,4.99,8,59,3,0,0,4.88,no,Other
76,188,53,shoes,21.21,2.99,82,119,7,0,0,5.0,no,Other
77,199,450,clothing,22.42,3.49,21,38,5,1,0,5.0,yes,Other
78,172,205,shoes,6.57,5.99,54,17,4,0,0,5.0,yes,Tartu
79,8,126,home,16.71,2.99,3,34,6,0,0,4.91,no,Tartu
80,175,43,clothing,26.18,5.99,9,17,6,0,0,5.0,yes,Narva
81,35,111,electronics,27.44,2.49,15,14,2,0,1,5.0,no,Tallinn
82,206,663,bags,11.95,4.99,1,55,3,0,0,,yes,Pärnu
83,81,183,shoes,59.5,4.99,0,26,6,0,0,4.05,no,Narva
84,164,95,accessories,13.38,3.49,20,89,4,0,0,4.49,no,Tartu
85,50,374,shoes,48.36,4.99,18,20,1,0,0,4.74,no,Tartu
86,104,520,electronics,33.08,2.49,10,22,2,0,1,4.63,yes,Tartu
87,132,360,home,15.61,3.49,12,18,5,0,0,4.16,yes,Narva
88,2,696,shoes,85.01,2.99,10,11,3,0,0,4.03,yes,Tartu
89,134,281,clothing,10.64,4.99,0,62,5,1,0,4.34,no,Narva
90,54,195,bags,46.68,3.49,7,214,4,1,0,,yes,Tartu
91,106,195,home,49.42,2.49,4,21,5,0,0,5.0,yes,Other
92,4,667,clothing,15.34,5.99,2,16,5,1,0,4.92,yes,Other
93,54,93,bags,65.02,5.99,57,15,3,0,0,4.97,yes,Tallinn
94,221,672,bags,20.59,2.49,16,16,6,0,0,4.57,yes,Tartu
95,191,61,accessories,30.03,2.49,23,132,6,0,0,,no,Tallinn
96,146,634,clothing,29.44,5.99,7,16,4,0,0,4.44,yes,Narva
97,218,51,accessories,22.33,3.49,9,18,2,0,0,4.51,yes,Tallinn
98,44,403,home,43.27,5.99,5,10,3,0,0,4.43,no,Tartu
99,162,5,clothing,42.75,2.49,2,39,5,1,0,4.62,no,Narva
100,202,466,clothing,7.21,4.99,4,28,5,1,0,4.75,no,Narva
101,190,604,home,61.13,2.99,29,11,3,0,0,4.9,yes,Other
102,228,682,clothing,7.66,4.99,20,13,3,0,1,4.5,no,Narva
103,14,534,electronics,50.54,4.99,14,119,3,0,0,3.93,yes,Narva
104,95,405,shoes,53.98,2.49,12,31,2,0,0,4.43,yes,Tallinn
105,48,513,clothing,11.43,5.99,46,33,4,0,0,4.62,yes,Narva
106,15,645,electronics,18.4,3.49,1,33,1,0,0,5.0,yes,Pärnu
107,200,233,shoes,11.31,4.99,6,105,6,0,0,4.4,yes,Other
108,206,524,shoes,21.11,5.99,8,12,5,0,1,4.78,no,Other
109,215,346,shoes,19.77,3.49,27,21,4,0,0,4.7,yes,Narva
110,249,46,bags,42.34,4.99,88,26,2,0,0,,yes,Tallinn
111,190,546,clothing,61.39,3.49,5,6,4,0,0,4.93,yes,Other
112,40,78,shoes,65.17,5.99,37,13,5,0,0,4.37,yes,Other
113,213,73,home,16.55,2.99,32,77,5,1,0,4.4,no,Pärnu
114,208,249,clothing,21.19,5.99,5,59,5,0,0,4.6,yes,Narva
115,237,47,accessories,7.55,2.49,9,70,6,1,0,4.38,no,Other
116,82,121,clothing,13.96,3.49,9,18,6,1,0,4.78,yes,Other
117,111,214,accessories,48.2,2.99,69,20,4,0,0,4.35,no,Other
118,53,239,clothing,76.01,3.49,4,6,4,0,0,4.68,no,Other
119,24,56,home,10.34,3.49,29,69,5,1,0,4.56,no,Tallinn
120,154,350,shoes,16.2,4.99,7,80,6,1,0,4.68,no,Tartu
121,217,107,clothing,24.08,2.49,24,79,4,0,0,4.44,no,Pärnu
122,188,48,clothing,29.85,3.49,10,127,6,0,0,4.48,yes,Tallinn
123,124,573,clothing,13.92,5.99,16,44,2,0,0,4.63,yes,Pärnu
124,237,337,shoes,33.01,5.99,32,122,3,0,0,4.67,no,Other
125,41,26,clothing,17.61,4.99,29,25,4,0,0,4.6,no,Pärnu
126,157,257,electronics,24.29,2.49,36,6,5,1,0,5.0,yes,Narva
127,15,8,shoes,35.96,2.49,1,65,4,0,0,4.25,yes,Narva
128,45,625,clothing,24.64,5.99,21,6,6,0,0,4.58,no,Tartu
129,65,253,bags,18.08,2.99,3,35,2,0,0,4.05,yes,Tartu
130,89,692,accessories,22.72,4.99,10,71,7,0,0,4.73,yes,Pärnu
131,71,303,clothing,23.06,4.99,14,40,2,0,0,4.21,yes,Tallinn
132,9,639,clothing,18.93,5.99,9,233,3,1,0,4.5,no,Tallinn
133,88,56,clothing,20.47,5.99,13,5,7,0,0,4.47,no,Other
134,129,526,accessories,75.12,2.99,102,28,2,0,0,4.7,yes,Tallinn
135,236,474,accessories,36.33,2.99,3,30,3,0,0,4.41,yes,Tartu
136,136,28,shoes,19.95,2.49,20,9,2,0,0,4.39,yes,Tallinn
137,216,78,electronics,39.96,4.99,9,11,5,0,0,5.0,yes,Other
138,63,216,electronics,19.42,4.99,3,14,1,0,0,4.7,no,Narva
139,139,386,bags,55.77,5.99,3,11,4,0,0,4.4,yes,Tallinn
140,243,365,electronics,31.78,2.49,54,27,2,0,0,4.51,yes,Tallinn
141,81,666,clothing,22.76,4.99,38,17,4,0,0,5.0,no,Tartu
142,136,526,clothing,33.56,2.49,43,40,4,0,0,,no,Pärnu
143,163,699,clothing,8.17,2.49,86,54,3,1,0,4.36,yes,Narva
144,163,312,clothing,11.15,5.99,4,51,3,0,1,4.36,yes,Pärnu
145,33,7,bags,10.64,2.49,8,21,3,0,0,4.41,no,Other
146,123,3,home,27.11,2.99,20,39,4,0,0,4.39,yes,Other
147,5,623,clothing,82.5,2.99,12,76,4,0,0,4.15,no,Pärnu
148,234,363,clothing,116.97,3.49,10,45,3,0,0,4.21,yes,Tartu
149,231,508,shoes,38.35,5.99,8,160,5,0,0,4.31,no,Tartu
150,41,274,home,34.83,3.49,16,73,3,0,0,4.81,no,Tartu
151,28,506,clothing,6.95,2.99,15,141,5,0,0,4.47,no,Narva
152,135,15,shoes,16.78,3.49,3,3,1,1,0,4.53,no,Other
153,201,192,clothing,14.13,5.99,11,33,6,0,0,5.0,no,Other
154,72,631,clothing,15.89,5.99,15,22,6,0,0,5.0,no,Other
155,12,485,home,21.81,2.49,15,27,2,0,0,4.5,yes,Narva
156,162,28,home,17.63,4.99,4,15,6,1,0,4.38,yes,Other
157,33,39,clothing,6.14,2.49,24,43,6,1,1,4.3,no,Pärnu
158,48,273,home,41.41,5.99,0,6,4,0,0,4.84,no,Tallinn
159,247,231,bags,69.48,2.99,8,43,2,0,0,4.53,yes,Narva
160,151,86,electronics,29.01,2.99,27,15,3,0,0,4.46,yes,Tallinn
161,62,474,shoes,104.78,2.49,15,19,5,0,0,4.32,no,Pärnu
162,216,126,shoes,12.89,5.99,5,44,3,0,0,4.33,yes,Tartu
163,37,537,shoes,4.17,2.99,21,32,1,0,0,4.71,yes,Tartu
164,99,145,accessories,20.08,5.99,15,77,3,0,0,4.14,no,Tartu
165,172,525,clothing,53.02,2.99,29,13,4,1,0,,no,Narva
166,104,212,clothing,96.63,5.99,24,28,4,1,0,4.41,yes,Tartu
167,214,25,clothing,10.37,3.49,17,67,5,0,0,4.55,yes,Narva
168,219,580,accessories,34.73,5.99,12,41,4,0,0,4.13,yes,Narva
169,35,394,clothing,17.71,5.99,3,44,1,1,0,4.6,yes,Tallinn
170,193,67,accessories,22.78,2.49,5,81,4,0,0,4.49,no,Tartu
171,227,233,home,156.18,3.49,10,21,2,0,0,4.58,yes,Other
172,101,109,clothing,8.57,4.99,16,17,4,0,0,5.0,yes,Tartu
173,175,146,accessories,29.3,2.49,13,50,2,0,0,4.66,yes,Tartu
174,206,111,shoes,34.03,4.99,6,26,3,0,0,4.32,yes,Tartu
175,131,228,electronics,52.46,2.99,0,82,2,0,0,4.35,no,Other
176,1,111,clothing,26.27,4.99,12,42,4,0,0,4.81,yes,Other
177,5,470,accessories,30.44,5.99,6,17,3,0,0,5.0,no,Narva
178,218,34,electronics,18.65,4.99,24,41,6,0,0,4.7,no,Other
179,247,623,home,29.62,2.49,0,13,3,0,0,4.84,yes,Narva
180,142,369,accessories,19.29,2.49,16,70,6,1,0,4.81,no,Tallinn
181,103,595,shoes,37.91,4.99,51,9,2,0,1,5.0,yes,Narva
182,27,554,bags,18.94,2.49,3,90,5,0,1,3.92,no,Tartu
183,137,425,electronics,31.94,2.49,11,40,4,0,0,4.83,yes,Pärnu
184,207,613,bags,24.04,4.99,2,26,7,0,1,,no,Pärnu
185,15,518,clothing,53.96,3.49,18,60,4,0,0,4.13,yes,Tartu
186,90,692,home,23.67,3.49,14,47,2,0,0,4.29,no,Narva
187,42,282,accessories,7.09,2.99,9,99,4,0,0,4.3,yes,Tartu
188,124,320,accessories,59.34,2.49,13,98,8,0,0,4.34,no,Other
189,205,443,clothing,13.01,4.99,41,41,3,0,0,4.43,yes,Narva
190,179,315,accessories,15.52,2.49,4,14,2,0,0,4.68,no,Tartu
191,63,377,shoes,16.17,5.99,0,18,5,0,0,4.9,yes,Other
192,96,289,accessories,64.21,2.49,36,28,4,0,0,4.98,yes,Other
193,231,437,clothing,5.5,2.49,15,79,2,0,0,4.31,no,Narva
194,241,662,accessories,220.62,3.49,40,20,6,0,0,4.3,no,Tallinn
195,52,277,home,51.38,4.99,16,21,3,0,0,5.0,yes,Tallinn
196,96,582,clothing,28.68,2.49,30,158,2,0,0,4.83,no,Other
197,132,503,home,23.61,3.49,10,216,8,0,1,4.63,no,Tallinn
198,222,624,shoes,29.96,2.99,25,17,5,0,0,4.77,no,Other
199,229,516,electronics,35.33,3.49,44,60,4,0,0,4.59,yes,Tallinn
200,151,350,accessories,38.54,3.49,15,28,2,0,0,4.78,yes,Other
201,231,446,bags,36.2,3.49,4,9,3,0,0,4.48,no,Other
202,237,350,accessories,26.12,2.49,6,76,6,1,0,4.69,yes,Other
203,143,607,electronics,21.37,2.49,4,15,0,0,1,4.07,yes,Other
204,171,664,shoes,22.07,2.99,5,31,3,0,0,4.36,yes,Pärnu
205,29,137,clothing,21.4,5.99,7,28,3,0,0,4.36,yes,Tallinn
206,36,243,accessories,54.25,5.99,15,37,5,0,0,4.47,no,Other
207,13,543,electronics,37.17,5.99,16,4,0,0,0,4.28,no,Tartu
208,160,40,accessories,3.13,2.99,10,22,5,0,0,4.41,no,Narva
209,71,229,accessories,38.83,5.99,17,82,4,0,0,4.07,yes,Tartu
210,187,548,shoes,28.12,5.99,2,94,2,1,0,4.79,yes,Tartu
211,243,223,electronics,24.21,3.49,2,12,4,0,0,,yes,Pärnu
212,86,6,clothing,18.69,2.49,3,69,6,0,0,4.0,yes,Tallinn
213,28,322,bags,53.89,2.49,13,15,8,0,0,4.31,no,Pärnu
214,66,468,clothing,47.62,3.49,4,21,3,0,0,4.72,no,Tallinn
215,170,75,clothing,14.28,3.49,6,22,2,0,0,4.41,yes,Other
216,45,4,shoes,32.62,3.49,9,33,3,1,0,4.36,no,Pärnu
217,62,646,shoes,12.43,2.49,30,74,3,1,0,4.57,yes,Narva
218,185,118,accessories,9.34,5.99,0,38,2,0,0,4.72,no,Tallinn
219,245,606,shoes,15.82,3.49,19,27,1,0,0,4.1,yes,Pärnu
220,134,504,shoes,44.87,2.99,20,72,7,0,0,4.79,no,Narva
221,28,574,clothing,47.81,3.49,29,15,5,0,0,4.32,yes,Tartu
222,28,441,shoes,35.13,4.99,49,28,8,0,0,4.59,yes,Other
223,108,194,clothing,40.75,3.49,0,73,3,0,0,4.59,yes,Other
224,44,392,clothing,35.21,2.49,3,48,4,0,0,4.42,yes,Tartu
225,84,26,bags,15.66,3.49,39,20,5,0,0,4.24,yes,Pärnu
226,30,435,accessories,33.19,4.99,11,8,7,0,1,4.5,yes,Tartu
227,190,173,bags,42.96,2.99,15,40,5,0,0,5.0,yes,Narva
228,75,300,shoes,41.6,5.99,20,7,1,0,0,4.12,no,Tallinn
229,128,645,shoes,56.39,3.49,20,25,3,0,0,5.0,yes,Pärnu
230,247,326,electronics,40.28,4.99,48,87,3,0,0,,no,Tallinn
231,92,410,shoes,31.38,4.99,104,51,7,0,0,4.61,yes,Tartu
232,217,118,shoes,51.89,2.99,23,5,3,0,0,4.22,no,Other
233,231,225,clothing,24.08,2.49,6,36,4,1,0,4.33,no,Tallinn
234,190,532,clothing,13.23,3.49,38,22,0,0,0,4.42,yes,Tallinn
235,225,113,shoes,21.89,4.99,1,10,4,0,0,4.23,no,Other
236,129,140,shoes,14.56,2.99,5,328,3,0,1,4.53,yes,Tallinn
237,121,559,bags,15.29,5.99,41,19,4,1,0,4.46,no,Tallinn
238,27,1,bags,22.17,4.99,5,19,4,0,0,5.0,yes,Other
239,190,90,bags,14.09,2.99,4,34,2,0,0,4.19,yes,Other
240,121,654,accessories,19.78,2.49,3,17,6,0,1,4.64,yes,Tartu
241,116,320,electronics,6.52,2.49,35,33,5,0,0,4.69,yes,Tartu
242,205,550,accessories,28.48,4.99,12,18,4,0,0,4.23,yes,Tallinn
243,233,139,home,24.55,4.99,20,18,2,0,0,4.84,no,Pärnu
244,3,511,clothing,13.85,3.49,5,73,5,1,0,,yes,Tartu
245,103,259,clothing,38.92,2.99,26,80,1,1,0,3.73,yes,Tartu
246,198,673,clothing,47.29,4.99,26,6,4,0,1,4.83,yes,Pärnu
247,200,690,bags,7.96,3.49,7,59,5,0,0,4.21,yes,Pärnu
248,155,10,home,14.38,3.49,10,106,0,0,0,4.23,yes,Other
249,137,261,clothing,14.32,4.99,4,122,3,0,0,4.84,no,Tartu
250,62,650,home,12.71,2.49,68,48,1,0,0,4.48,yes,Narva
251,165,172,clothing,43.84,2.99,19,12,3,1,0,4.92,no,Narva
252,225,13,home,21.42,2.99,49,53,3,0,1,5.0,yes,Tallinn
253,51,168,shoes,20.39,2.49,7,14,1,0,0,4.37,yes,Tartu
254,234,642,clothing,6.03,4.99,27,22,2,1,1,4.88,no,Narva
255,172,596,shoes,38.27,2.99,26,42,6,0,0,4.34,yes,Tartu
256,152,321,clothing,10.3,4.99,21,15,7,0,0,5.0,yes,Tartu
257,207,319,clothing,25.58,4.99,61,11,2,0,0,4.36,no,Narva
258,59,613,clothing,29.79,3.49,9,46,5,0,0,4.96,yes,Tartu
259,118,329,electronics,63.59,2.49,3,161,3,0,0,4.9,yes,Pärnu
260,160,550,bags,9.81,4.99,20,92,5,0,0,4.71,no,Tallinn
261,96,419,clothing,2.96,5.99,24,57,0,0,0,4.37,no,Other
262,216,606,bags,27.9,2.49,15,72,5,1,0,4.55,yes,Narva
263,233,95,accessories,86.52,2.99,4,53,2,1,0,3.85,yes,Other
264,180,581,clothing,58.4,3.49,13,45,1,0,0,4.68,yes,Tallinn
265,113,318,shoes,28.41,2.99,7,67,1,0,0,4.72,yes,Pärnu
266,62,236,clothing,17.39,2.99,10,9,4,0,0,4.65,no,Pärnu
267,241,334,clothing,43.16,2.49,19,36,1,0,0,,no,Pärnu
268,186,376,accessories,12.41,2.99,25,28,4,0,0,4.16,no,Pärnu
269,52,459,clothing,34.24,4.99,5,32,4,1,0,4.34,yes,Narva
270,12,137,shoes,34.95,2.99,9,20,2,1,0,4.7,yes,Narva
271,39,588,accessories,51.53,3.49,6,48,3,0,0,4.7,no,Tartu
272,130,547,clothing,169.32,3.49,4,14,3,0,0,4.54,yes,Tartu
273,131,513,bags,32.29,5.99,28,19,7,0,0,4.82,no,Tallinn
274,113,296,clothing,17.18,3.49,43,17,5,0,0,4.24,no,Tartu
275,101,320,home,24.1,2.99,8,65,5,0,0,4.81,no,Tallinn
276,113,572,shoes,7.11,3.49,25,30,2,0,1,4.77,yes,Tallinn
277,184,349,electronics,15.08,2.49,41,20,0,0,0,4.73,yes,Tallinn
278,81,229,bags,18.42,3.49,34,21,3,0,0,4.54,no,Pärnu
279,187,270,clothing,17.0,4.99,4,30,4,1,0,5.0,no,Other
280,113,291,bags,27.29,2.49,56,129,7,0,0,4.77,no,Other
281,2,165,home,13.79,5.99,9,10,3,0,0,4.26,yes,Narva
282,130,5,bags,53.77,4.99,7,55,5,0,0,4.69,no,Tallinn
283,220,379,electronics,24.54,2.99,1,46,3,0,1,4.86,no,Pärnu
284,54,78,home,24.37,2.99,12,14,5,0,0,4.39,yes,Tartu
285,87,410,clothing,19.5,2.99,2,112,3,0,0,4.98,yes,Tartu
286,229,574,clothing,27.35,4.99,5,49,3,1,0,4.73,no,Narva
287,224,132,bags,43.71,4.99,7,19,3,0,0,,yes,Narva
288,225,601,shoes,13.37,4.99,30,6,2,0,0,4.7,yes,Tallinn
289,129,42,electronics,15.48,2.49,38,37,1,0,0,4.46,no,Tallinn
290,147,89,home,19.83,2.49,6,29,6,0,0,4.79,yes,Tartu
291,126,402,shoes,9.56,2.99,35,12,5,0,0,4.93,no,Tartu
292,130,296,clothing,13.83,3.49,35,12,6,1,0,4.67,yes,Tartu
293,53,295,accessories,17.58,2.99,26,65,4,0,0,5.0,yes,Tartu
294,172,616,clothing,45.24,5.99,3,5,2,0,0,,no,Other
295,218,526,electronics,29.48,2.49,21,40,5,0,1,4.82,no,Tallinn
296,160,691,shoes,28.09,4.99,52,25,6,0,0,4.88,yes,Tallinn
297,198,637,accessories,44.51,2.49,21,47,6,0,0,4.57,no,Tartu
298,160,422,clothing,22.28,4.99,7,23,7,0,0,4.87,yes,Pärnu
299,247,23,bags,32.24,5.99,12,39,5,0,0,4.39,yes,Tartu
300,68,575,shoes,22.82,5.99,19,15,2,0,0,4.45,yes,Narva
301,183,143,bags,29.54,2.49,13,29,3,1,0,4.14,yes,Pärnu
302,203,665,clothing,16.31,4.99,2,47,4,0,0,4.68,no,Narva
303,184,145,accessories,4.45,5.99,7,34,4,1,0,4.71,no,Pärnu
304,123,225,electronics,22.33,2.99,29,42,2,0,0,5.0,no,Narva
305,145,503,clothing,66.42,2.99,36,13,5,1,1,4.88,no,Tartu
306,38,616,clothing,46.92,4.99,3,18,4,0,0,4.5,yes,Tartu
307,24,104,clothing,48.22,2.49,55,18,3,0,0,4.19,no,Pärnu
308,69,39,bags,58.28,5.99,7,23,4,1,0,4.75,no,Narva
309,116,198,bags,26.1,2.49,20,102,6,0,0,4.99,no,Other
310,98,646,bags,28.17,2.99,25,22,3,1,0,4.86,no,Pärnu
311,198,579,clothing,15.92,5.99,30,11,2,1,0,4.98,no,Pärnu
312,214,391,shoes,19.66,2.49,52,49,5,0,0,4.53,yes,Tallinn
313,139,179,bags,37.75,3.49,7,101,5,0,0,4.44,no,Pärnu
314,240,554,shoes,56.98,4.99,35,10,5,0,0,,no,Other
315,144,448,home,22.25,4.99,3,177,3,0,0,4.58,no,Tartu
316,97,500,clothing,17.9,3.49,22,44,7,0,0,4.57,yes,Narva
317,201,15,accessories,24.54,2.99,24,76,3,0,0,4.67,yes,Tallinn
318,124,623,shoes,37.37,5.99,20,112,3,0,0,4.55,no,Narva
319,187,669,shoes,8.93,4.99,5,72,2,1,0,4.55,yes,Tartu
320,70,289,accessories,4.92,3.49,37,27,5,0,1,4.33,no,Pärnu
321,208,478,accessories,16.69,3.49,3,90,3,0,0,4.93,yes,Other
322,93,231,home,10.44,2.99,1,38,4,1,0,4.63,yes,Tallinn
323,3,420,clothing,17.19,2.99,23,80,4,0,0,4.54,yes,Other
324,148,157,clothing,22.12,2.49,12,88,4,0,0,4.34,yes,Other
325,187,550,accessories,17.86,4.99,34,11,4,0,0,4.13,yes,Other
326,164,441,bags,67.81,2.49,9,61,5,0,0,5.0,yes,Other
327,147,97,clothing,30.84,3.49,3,25,4,0,0,4.79,yes,Tartu
328,90,411,clothing,30.28,5.99,33,34,6,0,0,4.03,yes,Other
329,195,289,clothing,37.92,5.99,14,34,4,1,0,,yes,Other
330,147,254,home,11.05,2.99,4,32,1,0,0,4.92,yes,Tartu
331,148,196,clothing,50.77,5.99,23,118,1,0,0,4.64,no,Narva
332,96,598,clothing,23.27,5.99,13,9,3,0,0,5.0,no,Tartu
333,199,522,clothing,39.23,5.99,17,6,6,1,1,4.68,yes,Pärnu
334,52,517,shoes,11.58,3.49,11,5,4,1,0,4.1,yes,Tartu
335,233,635,clothing,8.27,5.99,32,78,1,0,0,4.73,no,Narva
336,161,118,shoes,43.49,5.99,32,15,5,0,0,4.69,yes,Pärnu
337,168,159,clothing,31.93,5.99,22,34,1,0,0,4.39,no,Pärnu
338,128,228,electronics,13.05,2.49,2,27,3,1,0,,no,Tallinn
339,39,216,clothing,13.35,3.49,33,13,5,0,0,4.02,yes,Other
340,82,696,bags,53.94,2.99,20,64,3,0,0,4.95,yes,Pärnu
341,104,15,home,10.67,2.49,21,27,4,0,0,4.29,yes,Pärnu
342,129,157,accessories,77.47,4.99,8,24,5,0,0,4.26,yes,Narva
343,11,648,bags,13.06,3.49,38,37,5,0,0,4.56,yes,Pärnu
344,220,261,clothing,38.35,3.49,23,57,2,0,0,4.75,yes,Narva
345,185,157,clothing,19.49,4.99,2,13,4,0,0,4.66,no,Other
346,217,47,accessories,37.42,4.99,9,66,4,0,0,4.34,yes,Tallinn
347,178,324,home,16.76,4.99,39,110,7,0,1,4.42,yes,Tallinn
348,151,685,accessories,21.89,2.99,1,8,2,0,0,,no,Other
349,159,130,bags,25.25,5.99,59,38,1,0,0,4.52,yes,Other
350,222,411,accessories,12.16,3.49,20,23,5,0,0,4.98,yes,Tartu
351,42,95,shoes,41.21,5.99,18,56,3,0,0,4.6,yes,Pärnu
352,99,627,clothing,17.13,5.99,6,80,3,0,1,4.9,no,Pärnu
353,7,292,bags,20.9,4.99,5,130,7,0,0,5.0,no,Pärnu
354,144,283,home,12.23,2.99,51,7,4,0,0,4.39,yes,Narva
355,90,69,clothing,4.08,2.49,6,24,5,0,0,4.53,yes,Tartu
356,112,660,accessories,21.46,2.99,27,44,5,1,0,5.0,yes,Pärnu
357,249,11,clothing,132.8,5.99,9,16,2,0,0,5.0,yes,Narva
358,244,254,bags,42.49,2.99,3,14,4,0,0,4.01,yes,Narva
359,60,550,clothing,24.2,4.99,0,37,7,0,0,4.74,no,Tallinn
360,113,134,shoes,20.41,2.49,14,32,3,1,0,4.6,no,Narva
361,2,23,accessories,24.92,4.99,67,30,6,0,0,4.89,yes,Other
362,129,346,clothing,35.98,2.49,8,65,8,0,0,4.34,yes,Narva
363,48,302,accessories,10.73,5.99,8,21,6,0,0,4.31,no,Other
364,140,363,accessories,53.52,2.49,8,40,3,0,0,4.36,yes,Other
365,197,396,home,40.48,2.49,13,19,4,0,0,4.4,yes,Tallinn
366,37,218,clothing,40.56,2.49,10,14,2,0,0,4.89,yes,Tallinn
367,160,141,shoes,33.35,2.99,38,23,3,0,0,,yes,Narva
368,247,616,clothing,24.87,2.99,13,19,5,0,1,4.38,yes,Tallinn
369,9,210,home,235.74,5.99,13,20,4,1,0,3.97,no,Tallinn
370,233,623,home,37.12,2.49,3,86,2,0,1,4.95,no,Pärnu
371,99,616,bags,19.15,3.49,73,24,4,0,1,5.0,yes,Narva
372,147,683,electronics,16.42,5.99,5,17,6,1,0,4.49,yes,Narva
373,48,460,shoes,26.35,2.49,1,31,6,1,0,4.5,no,Narva
374,208,356,bags,72.55,2.49,20,33,8,1,0,4.76,yes,Tallinn
375,131,324,clothing,10.3,2.99,16,10,0,1,0,5.0,no,Tallinn
376,148,133,accessories,8.78,5.99,10,23,5,1,0,4.74,yes,Other
377,152,127,clothing,27.53,2.49,10,22,2,0,0,4.36,yes,Tartu
378,54,106,electronics,25.42,2.49,28,26,5,1,0,4.03,yes,Tartu
379,120,604,accessories,27.7,5.99,4,58,1,1,0,4.21,no,Tartu
380,161,378,accessories,29.1,3.49,31,34,2,0,0,,yes,Pärnu
381,152,51,clothing,20.98,5.99,19,90,3,0,0,4.37,yes,Tallinn
382,116,29,clothing,69.61,5.99,10,30,4,1,1,4.67,yes,Other
383,75,462,clothing,8.0,3.49,11,148,1,0,0,4.41,no,Other
384,113,296,shoes,13.74,5.99,5,20,3,1,0,4.23,no,Tartu
385,200,297,clothing,22.82,2.49,25,15,5,0,0,4.19,no,Pärnu
386,164,407,home,7.77,5.99,13,49,3,0,0,5.0,no,Pärnu
387,166,613,bags,21.69,3.49,7,102,5,0,0,4.91,yes,Tartu
388,104,405,clothing,78.49,4.99,16,9,7,0,0,5.0,yes,Tartu
389,84,346,shoes,24.89,5.99,98,25,3,0,0,4.79,yes,Tallinn
390,227,622,shoes,28.83,2.99,10,17,3,0,0,4.45,yes,Pärnu
391,112,420,bags,10.15,2.49,46,34,6,0,0,5.0,no,Other
392,217,182,shoes,15.94,2.49,8,30,5,0,0,4.59,no,Tartu
393,99,1,home,18.87,2.99,1,101,3,0,0,4.68,yes,Tallinn
394,153,567,shoes,19.64,2.99,4,27,3,0,0,4.59,no,Other
395,93,371,home,60.17,5.99,10,103,5,0,0,3.57,no,Pärnu
396,146,661,electronics,36.25,2.99,4,23,3,0,0,5.0,yes,Tartu
397,128,431,clothing,11.27,4.99,0,69,1,0,0,4.77,yes,Tartu
398,110,309,home,29.15,3.49,44,37,5,0,0,4.72,yes,Tallinn
399,82,137,clothing,34.77,2.99,33,142,7,0,0,4.58,yes,Tallinn
400,194,202,electronics,54.49,2.99,24,8,3,0,0,4.66,no,Pärnu
401,54,436,shoes,74.17,4.99,3,11,1,0,0,4.39,yes,Tartu
402,163,313,electronics,12.05,2.49,2,156,4,1,0,4.82,yes,Tallinn
403,208,117,electronics,13.91,2.49,1,15,4,1,0,4.14,no,Tartu
404,189,666,electronics,10.17,5.99,23,16,8,1,0,4.67,yes,Pärnu
405,169,575,accessories,20.83,4.99,48,14,3,0,0,4.8,yes,Tartu
406,228,244,clothing,34.0,3.49,10,84,4,0,0,4.53,no,Other
407,161,537,clothing,48.97,3.49,2,10,4,0,0,4.73,yes,Tartu
408,68,602,shoes,23.26,4.99,13,31,8,0,0,,yes,Narva
409,33,75,clothing,19.61,3.49,8,24,3,1,0,4.26,no,Narva
410,142,386,accessories,27.28,2.49,8,76,2,0,0,4.68,yes,Pärnu
411,21,210,clothing,13.67,3.49,17,18,3,0,0,4.84,no,Pärnu
412,48,475,home,105.92,3.49,23,44,5,0,0,3.94,yes,Pärnu
413,148,418,bags,47.76,4.99,2,10,5,1,0,4.78,yes,Other
414,248,347,electronics,27.92,4.99,1,232,6,1,0,4.41,yes,Other
415,128,529,clothing,101.14,3.49,93,24,5,0,1,4.53,yes,Tartu
416,136,640,electronics,24.65,2.99,5,30,5,1,1,4.13,no,Tallinn
417,135,179,home,21.48,4.99,1,133,6,0,0,4.3,no,Narva
418,195,182,shoes,19.1,5.99,4,18,0,1,1,4.94,no,Narva
419,145,664,bags,21.62,5.99,1,134,3,1,0,4.61,no,Narva
420,128,25,accessories,64.14,2.49,9,21,1,1,0,4.47,yes,Tartu
421,33,180,clothing,5.22,3.49,29,55,6,0,0,,no,Tartu
422,176,501,shoes,71.77,2.99,8,18,1,0,0,4.77,no,Pärnu
423,204,161,shoes,9.05,2.49,11,9,7,0,0,,no,Tallinn
424,187,177,clothing,20.36,3.49,20,44,3,0,0,4.57,no,Pärnu
425,115,285,shoes,18.17,4.99,13,53,3,1,0,4.98,no,Tartu
426,214,63,clothing,37.04,5.99,36,9,3,0,0,4.94,yes,Other
427,119,662,clothing,8.01,2.99,36,23,3,0,0,4.74,no,Pärnu
428,22,666,clothing,33.9,5.99,0,88,4,0,0,4.62,yes,Tartu
429,238,156,home,101.19,4.99,27,51,5,0,0,4.83,yes,Tartu
430,158,469,bags,9.45,3.49,11,21,4,0,1,4.71,no,Other
431,38,49,home,28.02,4.99,81,18,2,0,0,4.97,yes,Other
432,230,84,shoes,15.43,4.99,12,173,3,0,0,4.91,yes,Other
433,109,361,clothing,33.05,5.99,78,8,4,0,1,,yes,Tallinn
434,51,689,shoes,24.86,2.99,25,28,2,1,0,4.22,no,Tartu
435,182,148,shoes,15.66,4.99,5,8,3,0,0,4.35,yes,Other
436,8,630,clothing,34.52,5.99,14,98,0,1,0,4.94,no,Tallinn
437,27,342,bags,86.75,2.99,87,30,8,0,0,4.05,yes,Narva
438,27,476,clothing,21.46,3.49,35,35,4,0,0,4.74,yes,Narva
439,226,63,bags,40.6,3.49,2,362,3,0,0,4.73,yes,Narva
440,21,360,accessories,9.92,2.49,22,18,8,0,0,5.0,no,Tartu
441,30,561,clothing,12.56,5.99,8,145,5,0,0,4.66,yes,Tallinn
442,97,327,clothing,34.15,2.99,0,21,3,0,1,4.13,no,Tallinn
443,28,141,accessories,69.33,4.99,9,24,5,0,0,4.26,no,Narva
444,111,215,shoes,31.47,3.49,5,322,1,0,1,4.19,no,Pärnu
445,192,435,clothing,19.7,2.99,31,26,4,0,1,4.41,no,Narva
446,225,318,home,24.52,5.99,7,9,3,0,0,4.54,yes,Tartu
447,197,32,clothing,10.22,2.49,32,39,1,0,0,,yes,Narva
448,61,670,accessories,37.46,3.49,0,26,3,1,0,5.0,no,Narva
449,48,285,home,45.5,2.99,7,42,4,0,1,,no,Tallinn
450,147,305,clothing,17.88,2.99,5,27,1,0,0,5.0,no,Narva
451,4,429,clothing,17.65,2.99,5,220,6,1,0,5.0,no,Other
452,35,477,clothing,29.55,5.99,1,49,2,0,0,4.91,no,Other
453,192,286,clothing,18.07,5.99,4,11,4,1,0,4.36,yes,Pärnu
454,49,144,clothing,23.42,5.99,15,34,4,0,1,,no,Tartu
455,17,424,accessories,106.68,4.99,6,15,6,1,0,4.15,no,Tartu
456,172,19,clothing,20.64,2.99,10,24,3,0,0,4.92,no,Tallinn
457,220,18,shoes,19.09,3.49,9,13,3,1,0,4.57,yes,Tartu
458,158,590,home,15.59,5.99,38,200,2,0,0,4.46,no,Pärnu
459,221,371,electronics,41.3,5.99,42,16,7,0,1,4.17,no,Other
460,46,175,bags,21.61,2.99,12,56,2,0,0,3.73,yes,Tallinn
461,117,194,clothing,15.57,5.99,7,22,4,0,1,4.24,no,Other
462,6,502,bags,61.86,4.99,2,11,5,0,0,4.99,yes,Pärnu
463,99,113,shoes,66.27,4.99,55,36,2,0,0,4.46,no,Tallinn
464,124,114,shoes,16.11,5.99,1,43,5,1,0,4.54,yes,Narva
465,233,222,clothing,6.64,2.99,6,50,5,0,1,4.83,yes,Tartu
466,37,678,home,49.66,2.99,6,3,3,1,1,5.0,yes,Pärnu
467,24,644,shoes,15.19,2.99,7,10,4,0,0,5.0,no,Tallinn
468,93,264,clothing,42.67,2.49,3,71,4,1,0,4.26,yes,Other
469,241,55,shoes,6.18,5.99,28,104,2,1,0,3.92,no,Tallinn
470,46,643,shoes,45.82,2.99,2,36,3,0,0,,no,Narva
471,181,458,electronics,10.51,4.99,18,10,3,1,0,5.0,no,Pärnu
472,95,162,accessories,40.92,3.49,2,58,3,1,0,4.67,yes,Tallinn
473,99,380,accessories,24.78,3.49,1,69,6,0,1,4.16,no,Pärnu
474,188,87,clothing,12.58,2.99,43,58,1,0,0,4.94,no,Pärnu
475,225,55,shoes,18.45,3.49,4,76,2,0,0,,yes,Other
476,116,476,shoes,39.66,3.49,31,122,3,1,0,4.56,yes,Tartu
477,191,178,clothing,26.42,2.49,14,10,1,0,0,4.91,yes,Narva
478,213,391,clothing,36.93,4.99,1,15,6,0,1,4.72,no,Tallinn
479,160,349,accessories,97.86,4.99,56,67,4,0,0,4.18,yes,Tartu
480,215,8,clothing,8.21,2.49,5,83,3,0,0,4.49,yes,Other
481,161,313,bags,76.1,2.49,35,16,9,1,1,4.83,no,Tartu
482,67,443,clothing,26.39,3.49,3,15,5,1,0,4.78,no,Pärnu
483,128,328,clothing,13.08,5.99,35,17,6,0,0,4.69,no,Pärnu
484,18,54,clothing,9.67,3.49,0,7,5,0,0,4.93,no,Narva
485,25,239,home,21.49,2.49,13,10,3,0,0,4.47,yes,Tallinn
486,234,229,electronics,46.77,4.99,26,10,4,0,0,4.66,no,Tallinn
487,223,579,home,22.44,3.49,49,23,5,0,0,3.42,yes,Other
488,54,51,shoes,70.65,5.99,43,38,7,0,0,4.44,no,Narva
489,58,609,clothing,8.88,3.49,31,44,1,0,0,4.87,no,Tallinn
490,67,604,bags,24.33,2.99,39,19,6,0,0,4.46,yes,Pärnu
491,104,264,shoes,10.21,3.49,4,19,3,0,0,4.44,no,Narva
492,174,418,electronics,31.64,2.49,6,33,5,0,0,4.24,yes,Tartu
493,24,96,clothing,45.64,4.99,6,8,3,1,0,4.95,yes,Narva
494,114,88,shoes,18.27,4.99,9,71,5,0,0,4.79,no,Narva
495,32,78,clothing,3.96,2.49,9,95,4,0,0,4.89,no,Tallinn
496,175,288,clothing,28.2,2.99,14,17,6,1,0,4.0,no,Other
497,86,120,accessories,33.31,2.49,3,21,4,0,0,4.54,yes,Other
498,151,491,shoes,32.56,3.49,21,92,6,0,0,4.5,no,Tallinn
499,194,452,shoes,58.27,2.49,3,27,5,0,0,4.5,yes,Tallinn
500,127,500,shoes,11.59,2.49,7,51,2,0,0,4.38,yes,Tallinn
501,155,165,shoes,39.49,2.99,13,28,1,1,1,4.48,yes,Other
502,234,182,accessories,56.53,3.49,29,122,1,0,0,4.9,yes,Tallinn
503,130,469,home,7.06,5.99,24,47,3,0,0,3.93,no,Tartu
504,218,7,home,30.68,5.99,19,49,5,0,0,5.0,yes,Tartu
505,17,330,accessories,17.24,4.99,3,50,3,0,0,4.77,yes,Pärnu
506,104,673,clothing,23.17,2.49,14,18,5,1,0,4.59,yes,Tartu
507,161,151,accessories,31.29,4.99,2,20,4,0,1,4.92,no,Narva
508,137,85,shoes,17.44,2.99,9,60,3,0,0,4.09,no,Pärnu
509,43,147,clothing,15.29,5.99,10,34,6,0,1,4.37,yes,Tartu
510,246,624,electronics,25.13,2.49,1,10,5,0,0,4.56,no,Narva
511,176,381,clothing,11.46,2.99,6,162,6,0,1,5.0,yes,Tartu
512,39,548,home,11.47,2.99,56,72,2,0,0,4.58,no,Narva
513,221,285,shoes,39.47,2.49,55,31,5,0,0,4.76,yes,Tallinn
514,170,82,bags,10.98,2.99,8,184,6,0,0,4.39,yes,Narva
515,247,514,accessories,39.11,2.49,1,36,3,0,0,4.77,no,Tallinn
516,26,523,home,33.91,2.49,4,48,5,0,0,5.0,no,Narva
517,99,386,bags,7.33,3.49,9,5,5,0,0,4.95,yes,Narva
518,50,471,bags,15.27,4.99,53,201,6,0,0,4.57,no,Tartu
519,153,119,clothing,56.59,2.99,3,15,3,1,0,4.84,no,Narva
520,152,396,shoes,12.34,2.99,26,30,6,0,0,4.8,no,Tartu
521,13,532,clothing,17.72,3.49,2,31,11,0,0,4.78,yes,Narva
522,60,261,accessories,33.9,3.49,72,181,5,0,1,4.99,yes,Other
523,135,256,shoes,42.45,3.49,9,28,6,1,0,,no,Pärnu
524,57,226,accessories,20.57,5.99,27,125,5,0,0,4.56,yes,Tartu
525,36,53,clothing,16.15,5.99,8,43,5,0,0,,yes,Tartu
526,173,500,clothing,66.4,5.99,18,13,2,1,0,4.47,yes,Tallinn
527,20,506,accessories,82.87,2.49,4,34,10,1,1,4.28,no,Other
528,65,364,clothing,48.68,2.99,3,27,2,0,0,4.51,yes,Tallinn
529,8,280,clothing,156.24,4.99,50,11,2,0,0,4.57,no,Other
530,238,593,clothing,13.93,2.49,45,41,2,0,0,4.02,yes,Other
531,144,158,home,13.72,2.99,39,31,3,0,0,4.9,yes,Narva
532,142,632,accessories,35.37,2.99,18,49,3,1,0,3.63,yes,Tallinn
533,204,59,shoes,32.88,3.49,30,36,3,0,1,5.0,yes,Pärnu
534,115,128,clothing,65.44,3.49,1,17,3,1,0,5.0,no,Other
535,215,115,clothing,38.68,2.49,7,60,7,0,0,,no,Other
536,143,209,accessories,8.57,3.49,7,17,5,0,0,4.6,yes,Tartu
537,92,526,accessories,51.23,2.99,18,2,6,0,0,4.71,yes,Narva
538,98,521,clothing,12.2,3.49,8,34,1,0,1,4.39,no,Pärnu
539,66,552,clothing,18.75,5.99,3,18,4,0,0,4.67,no,Other
540,32,237,clothing,29.23,3.49,16,42,3,0,0,4.55,no,Tartu
541,215,281,accessories,99.18,2.99,30,181,7,0,0,4.57,no,Tallinn
542,191,359,accessories,216.36,2.49,9,186,4,0,0,4.66,yes,Other
543,86,201,clothing,37.51,4.99,3,26,3,0,0,4.14,no,Tartu
544,51,278,clothing,21.58,3.49,4,14,7,0,0,4.61,yes,Tallinn
545,153,235,clothing,35.66,2.99,5,51,1,0,0,4.66,yes,Narva
546,186,494,home,45.67,4.99,6,21,4,0,1,4.65,no,Tallinn
547,63,4,clothing,19.6,4.99,19,43,3,0,0,4.52,no,Other
548,190,666,accessories,86.2,5.99,17,17,5,0,0,5.0,no,Pärnu
549,125,442,bags,28.82,4.99,21,38,2,0,0,4.48,yes,Tallinn
550,150,29,shoes,34.76,2.99,8,112,4,0,0,4.68,yes,Pärnu
551,58,109,clothing,39.1,2.99,31,87,4,0,0,5.0,yes,Pärnu
552,58,610,clothing,32.95,3.49,4,18,4,1,0,4.57,no,Tallinn
553,86,75,bags,44.14,3.49,11,54,6,0,1,4.68,yes,Narva
554,49,146,accessories,15.93,3.49,29,10,8,0,1,4.57,no,Tallinn
555,180,128,bags,16.6,4.99,4,61,5,0,0,5.0,yes,Tartu
556,170,42,bags,11.36,4.99,2,13,3,1,0,4.51,no,Pärnu
557,70,356,clothing,33.37,5.99,39,38,4,0,0,5.0,no,Other
558,15,41,home,42.32,3.49,8,75,4,0,0,4.56,yes,Pärnu
559,54,34,accessories,33.8,2.49,21,25,4,0,0,4.3,yes,Other
560,235,17,clothing,79.21,5.99,0,12,7,0,0,4.84,no,Tartu
561,188,677,home,24.44,2.49,21,47,5,1,0,4.49,yes,Tartu
562,101,153,bags,39.18,4.99,7,14,5,0,0,4.82,no,Tartu
563,225,378,bags,11.43,5.99,1,21,6,0,0,3.64,no,Tallinn
564,8,588,accessories,18.71,5.99,17,38,2,1,0,4.6,yes,Pärnu
565,53,599,electronics,39.92,2.99,5,102,7,0,0,4.44,no,Other
566,60,629,accessories,44.45,4.99,9,31,3,0,1,4.23,yes,Tartu
567,236,342,clothing,19.97,4.99,2,31,5,0,1,4.41,no,Tartu
568,108,27,clothing,23.33,5.99,3,58,2,0,0,4.4,yes,Other
569,5,287,home,8.48,4.99,6,31,4,0,0,4.58,no,Pärnu
570,103,646,clothing,19.11,5.99,2,53,6,0,0,4.12,yes,Pärnu
571,196,168,shoes,45.75,2.99,44,79,6,0,0,4.71,yes,Other
572,6,610,shoes,36.7,5.99,0,22,0,1,0,5.0,yes,Narva
573,109,268,shoes,34.83,4.99,12,16,0,1,0,4.7,no,Pärnu
574,224,455,bags,25.4,4.99,2,14,2,0,0,4.88,no,Other
575,116,685,home,24.65,5.99,7,89,4,0,0,,no,Other
576,94,401,clothing,15.45,5.99,47,29,3,0,0,5.0,yes,Tartu
577,47,476,clothing,40.01,5.99,3,22,4,0,1,5.0,no,Other
578,99,634,clothing,32.94,3.49,61,86,3,0,0,4.43,no,Tallinn
579,55,558,home,34.62,4.99,4,27,8,0,0,4.35,yes,Tartu
580,168,576,bags,16.98,4.99,24,5,6,0,0,4.87,yes,Tartu
581,52,130,clothing,32.58,3.49,14,8,3,0,0,,yes,Pärnu
582,144,363,electronics,52.88,5.99,39,44,0,1,0,4.87,yes,Narva
583,13,693,electronics,17.55,2.99,15,28,2,0,0,5.0,yes,Pärnu
584,114,292,electronics,13.41,5.99,14,111,3,1,0,4.6,no,Tallinn
585,124,371,home,39.86,5.99,4,15,6,0,0,4.75,yes,Tartu
586,106,29,clothing,18.65,3.49,3,23,3,1,0,4.26,no,Tartu
587,158,149,accessories,51.52,4.99,45,14,4,0,0,5.0,no,Other
588,147,296,shoes,37.78,5.99,7,19,9,0,0,4.48,no,Narva
589,145,11,electronics,39.59,4.99,8,5,7,0,0,4.49,no,Narva
590,120,512,accessories,9.43,2.49,26,21,3,0,0,4.48,yes,Other
591,63,676,accessories,57.3,4.99,7,29,2,0,0,4.37,no,Tallinn
592,19,113,accessories,29.46,2.99,55,27,2,0,0,4.34,yes,Narva
593,92,187,clothing,18.94,2.99,24,207,2,0,0,4.42,no,Tartu
594,58,227,bags,27.12,5.99,16,156,4,0,1,4.12,no,Tallinn
595,183,310,home,7.08,4.99,38,15,6,0,1,4.33,no,Pärnu
596,90,98,home,32.66,5.99,1,5,3,0,0,5.0,no,Pärnu
597,229,55,clothing,11.93,3.49,5,27,3,0,0,4.86,yes,Tallinn
598,218,623,clothing,9.52,2.99,11,42,5,1,0,4.92,yes,Tartu
599,117,664,clothing,8.45,5.99,5,14,5,0,1,5.0,no,Pärnu
600,62,406,accessories,53.46,3.49,25,14,5,1,0,5.0,yes,Tartu
601,23,69,electronics,15.79,5.99,45,124,7,0,0,3.98,no,Other
602,127,312,clothing,71.78,4.99,10,24,3,0,0,4.17,yes,Narva
603,137,289,shoes,16.86,4.99,8,54,2,0,0,4.32,no,Tallinn
604,140,548,electronics,7.42,4.99,59,13,1,0,0,4.44,yes,Narva
605,245,148,accessories,11.23,4.99,11,28,6,0,1,4.49,yes,Other
606,129,467,bags,58.27,2.49,12,22,4,0,0,4.44,no,Pärnu
607,58,244,bags,22.0,3.49,8,16,4,0,0,4.68,yes,Tartu
608,122,491,shoes,16.71,3.49,43,680,6,0,0,,yes,Tartu
609,1,507,clothing,27.44,4.99,15,9,1,0,0,4.35,yes,Other
610,239,365,bags,34.86,2.49,26,39,4,0,0,3.84,yes,Tallinn
611,34,482,accessories,53.63,4.99,30,22,3,0,0,4.25,yes,Narva
612,96,201,electronics,67.62,2.49,8,44,4,0,0,4.41,yes,Pärnu
613,126,154,bags,19.07,4.99,10,22,4,0,0,4.51,no,Tallinn
614,118,450,accessories,9.7,2.99,34,65,4,0,0,4.2,yes,Other
615,48,501,clothing,18.37,2.99,8,13,2,0,0,4.43,no,Other
616,89,73,shoes,29.44,5.99,28,85,2,0,0,4.2,yes,Tartu
617,232,296,clothing,12.5,4.99,51,29,7,0,1,4.56,yes,Pärnu
618,237,17,clothing,12.55,3.49,18,9,7,0,0,4.22,yes,Tallinn
619,117,641,accessories,31.21,5.99,24,55,2,0,0,4.3,no,Tartu
620,129,217,home,23.71,2.99,29,25,5,0,0,4.14,yes,Pärnu
621,16,61,clothing,25.1,4.99,34,6,3,0,0,4.55,no,Narva
622,189,616,shoes,14.43,5.99,9,40,4,0,0,4.3,yes,Narva
623,231,42,electronics,20.88,4.99,1,74,1,0,0,4.92,yes,Tartu
624,192,25,clothing,12.85,2.99,9,95,3,0,0,4.74,no,Tallinn
625,191,39,bags,45.75,5.99,20,21,5,1,0,4.58,yes,Pärnu
626,69,131,accessories,50.64,2.99,11,272,2,0,0,4.32,yes,Narva
627,22,498,bags,6.74,2.49,25,31,4,0,0,,no,Narva
628,93,229,clothing,12.8,2.99,8,115,5,0,0,4.84,no,Tallinn
629,247,108,shoes,8.61,4.99,18,14,2,0,0,4.65,no,Tartu
630,195,172,accessories,15.56,3.49,4,20,5,1,0,5.0,no,Other
631,76,435,bags,23.14,2.99,25,14,4,0,0,4.76,no,Pärnu
632,154,478,clothing,8.89,3.49,14,8,3,1,0,4.92,no,Narva
633,144,102,accessories,12.87,2.49,4,37,4,0,0,4.65,yes,Other
634,179,524,clothing,12.15,5.99,6,127,5,0,0,4.84,no,Tallinn
635,229,275,accessories,28.36,5.99,25,25,5,0,0,4.32,no,Tartu
636,86,613,clothing,25.75,3.49,12,14,6,0,0,4.44,yes,Pärnu
637,185,44,home,14.8,5.99,4,35,0,0,0,4.72,yes,Tallinn
638,29,17,shoes,27.76,2.99,62,51,3,0,0,4.72,yes,Tartu
639,206,330,clothing,16.73,3.49,23,26,4,0,0,4.78,no,Tallinn
640,220,569,clothing,20.28,4.99,57,106,2,1,0,4.99,yes,Narva
641,69,497,clothing,79.16,2.99,10,14,6,0,0,4.1,no,Narva
642,47,12,electronics,62.7,2.99,12,23,3,0,0,4.26,yes,Other
643,241,318,home,9.88,2.99,41,39,5,0,0,4.68,no,Tallinn
644,94,592,shoes,43.85,4.99,13,43,1,0,0,4.35,yes,Narva
645,238,216,shoes,259.74,2.49,22,31,2,0,0,5.0,no,Tartu
646,190,339,accessories,10.98,5.99,5,9,3,0,1,4.78,no,Other
647,244,661,home,43.52,3.49,11,246,3,0,1,4.57,no,Pärnu
648,197,81,bags,71.99,2.49,2,24,3,0,1,4.42,no,Tallinn
649,204,485,shoes,11.18,3.49,4,33,3,0,0,4.43,no,Narva
650,144,374,shoes,12.91,5.99,0,52,4,0,0,4.61,yes,Tartu
651,218,200,accessories,50.02,4.99,1,17,7,1,0,4.64,yes,Tallinn
652,218,537,clothing,29.67,2.99,68,32,4,0,0,4.44,no,Tartu
653,176,466,bags,216.54000000000002,2.99,5,16,6,0,0,4.5,yes,Other
654,85,89,shoes,31.14,4.99,20,44,5,0,0,5.0,yes,Narva
655,39,268,accessories,32.25,2.49,33,23,1,0,1,5.0,no,Narva
656,100,655,clothing,9.69,2.49,14,38,2,0,0,4.69,yes,Other
657,33,571,bags,51.07,3.49,3,12,6,0,0,4.13,yes,Tartu
658,222,489,shoes,55.63,4.99,23,14,3,0,0,4.79,no,Tallinn
659,101,538,bags,20.89,2.49,17,9,6,0,0,5.0,yes,Tartu
660,23,47,clothing,23.8,4.99,24,16,7,0,0,5.0,yes,Tallinn
661,10,288,bags,8.4,5.99,26,3,5,0,0,,yes,Other
662,246,16,bags,35.16,2.99,67,23,7,0,0,5.0,no,Pärnu
663,69,401,bags,36.61,2.99,15,19,2,0,0,4.62,no,Tallinn
664,100,86,bags,23.49,2.99,8,34,8,0,1,4.82,no,Narva
665,34,250,accessories,53.9,4.99,19,31,7,1,0,4.36,yes,Narva
666,180,391,electronics,19.42,4.99,1,93,4,0,0,4.7,no,Narva
667,223,335,clothing,36.42,3.49,41,309,5,0,0,5.0,no,Tartu
668,138,629,electronics,12.02,2.99,2,83,1,0,0,4.39,no,Tartu
669,147,519,shoes,24.13,3.49,7,20,3,0,0,4.3,no,Tartu
670,186,137,clothing,21.71,2.99,30,19,3,0,0,4.63,yes,Narva
671,96,688,clothing,28.72,3.49,16,65,2,1,0,4.52,yes,Tallinn
672,1,498,clothing,18.94,3.49,9,7,5,1,1,4.83,yes,Narva
673,248,477,accessories,22.38,5.99,12,23,5,0,0,4.44,yes,Tallinn
674,69,594,accessories,43.74,3.49,35,24,2,0,0,5.0,no,Tartu
675,237,223,accessories,18.07,4.99,7,51,6,0,0,4.15,no,Pärnu
676,4,372,shoes,7.97,3.49,37,52,1,0,0,5.0,no,Tartu
677,16,402,shoes,83.49,2.99,2,15,4,0,0,4.33,yes,Other
678,24,443,clothing,64.52,3.49,27,21,1,0,0,3.97,yes,Tallinn
679,80,490,clothing,9.93,2.49,34,45,1,0,0,4.68,yes,Pärnu
680,247,615,shoes,39.76,2.99,4,15,3,0,1,4.51,yes,Tartu
681,2,273,clothing,17.25,2.49,10,89,3,0,0,4.21,yes,Pärnu
682,241,526,clothing,29.5,2.99,3,52,1,0,1,4.01,no,Narva
683,220,159,bags,30.14,4.99,22,35,5,0,0,4.6,yes,Tallinn
684,128,152,accessories,20.82,4.99,14,43,6,0,0,4.94,no,Other
685,160,620,home,14.17,4.99,18,20,0,0,0,4.8,yes,Narva
686,219,188,home,15.13,2.49,4,17,2,0,0,4.62,no,Pärnu
687,84,98,bags,12.92,5.99,4,20,5,0,0,4.77,yes,Tartu
688,152,131,shoes,13.7,2.99,1,47,3,0,0,4.59,yes,Tallinn
689,140,171,bags,23.41,4.99,7,36,5,0,0,4.1,no,Other
690,178,183,accessories,89.16,2.99,15,20,2,1,0,4.1,no,Tartu
691,163,364,clothing,39.54,2.49,35,59,6,0,0,4.53,yes,Other
692,124,39,shoes,69.48,5.99,20,26,4,0,0,4.54,yes,Tallinn
693,33,527,electronics,16.35,2.49,10,16,2,0,0,4.9,yes,Pärnu
694,161,497,shoes,29.01,2.99,55,38,4,1,1,4.87,no,Other
695,189,516,bags,34.81,5.99,23,12,6,0,0,,no,Tallinn
696,179,349,bags,34.14,5.99,48,7,5,1,0,4.5,yes,Other
697,171,397,clothing,25.87,2.49,13,30,5,0,1,4.12,yes,Tartu
698,101,161,shoes,41.26,4.99,5,17,6,1,1,4.74,no,Other
699,12,16,clothing,34.38,2.99,1,24,4,0,0,4.78,yes,Tartu
700,67,493,clothing,10.32,3.49,23,13,8,0,0,3.76,no,Tartu
701,65,426,clothing,45.08,3.49,2,89,0,1,0,4.31,yes,Tallinn
702,161,108,electronics,45.65,2.49,6,17,2,1,0,4.36,no,Narva
703,168,450,clothing,14.38,2.99,14,20,1,0,0,4.64,yes,Other
704,74,311,shoes,25.19,2.99,15,42,1,0,0,4.32,yes,Pärnu
705,43,170,clothing,39.58,2.49,17,9,6,0,0,4.59,yes,Tartu
706,44,546,home,21.19,2.99,3,8,8,0,0,4.53,no,Narva
707,29,414,clothing,51.99,4.99,9,42,3,0,0,4.54,no,Tartu
708,141,251,shoes,128.34,2.49,17,20,3,1,0,4.35,no,Narva
709,12,141,electronics,14.15,4.99,63,13,8,0,0,4.38,no,Narva
710,95,274,electronics,9.33,2.99,23,52,4,0,0,4.22,yes,Pärnu
711,46,416,clothing,30.35,2.49,46,14,3,0,0,4.73,yes,Narva
712,130,608,electronics,243.89999999999998,2.99,26,23,9,0,0,4.8,no,Pärnu
713,243,39,shoes,20.87,2.49,16,13,2,0,0,4.33,yes,Tallinn
714,242,29,shoes,67.85,2.99,4,39,5,0,0,5.0,yes,Tartu
715,35,477,clothing,9.61,4.99,20,99,5,0,0,4.49,yes,Pärnu
716,215,318,clothing,39.85,4.99,18,6,4,0,0,5.0,yes,Tartu
717,81,245,accessories,16.05,2.99,17,33,3,0,0,4.38,yes,Other
718,90,697,shoes,81.74,2.49,12,65,6,1,0,3.89,no,Tallinn
719,8,272,shoes,98.96,3.49,14,21,3,1,0,4.74,no,Other
720,93,440,accessories,14.34,4.99,7,11,2,0,0,,no,Other
721,154,239,accessories,16.7,4.99,13,44,1,0,0,4.61,no,Narva
722,202,377,clothing,44.78,3.49,4,74,2,0,0,4.38,no,Narva
723,90,266,bags,18.71,2.99,29,67,1,0,0,4.59,yes,Other
724,162,359,clothing,23.76,2.49,4,42,3,0,1,4.42,yes,Narva
725,115,340,accessories,24.97,2.99,2,33,8,0,0,4.49,no,Tartu
726,105,389,accessories,6.4,5.99,10,13,1,0,0,4.89,yes,Narva
727,135,577,home,24.3,4.99,19,65,4,0,1,4.66,yes,Other
728,196,689,clothing,15.14,5.99,10,62,8,0,0,4.81,yes,Narva
729,58,3,clothing,17.37,4.99,6,11,3,1,0,4.52,yes,Narva
730,245,429,clothing,67.39,4.99,15,42,3,0,0,4.48,yes,Pärnu
731,114,142,clothing,10.18,5.99,8,54,7,1,0,4.2,yes,Pärnu
732,237,376,clothing,43.35,5.99,49,66,4,0,0,4.47,yes,Other
733,75,670,home,20.18,2.99,46,28,2,0,0,3.44,no,Tartu
734,157,324,clothing,20.17,5.99,13,14,1,0,0,4.39,no,Tallinn
735,120,146,clothing,42.66,2.99,7,19,7,0,0,4.57,no,Tallinn
736,164,293,accessories,31.13,2.99,24,12,5,0,0,4.8,yes,Other
737,217,665,shoes,219.48,2.99,1,29,2,0,0,4.51,yes,Tartu
738,21,432,accessories,48.31,4.99,12,24,6,0,0,4.72,no,Tartu
739,249,585,clothing,19.45,4.99,7,207,3,0,0,3.84,yes,Tartu
740,164,399,shoes,15.98,5.99,46,67,3,1,0,4.58,no,Pärnu
741,138,344,clothing,11.48,4.99,0,72,1,0,0,4.01,no,Other
742,101,140,clothing,13.77,5.99,14,46,5,0,0,4.18,no,Tallinn
743,201,187,home,193.32,4.99,24,22,3,0,0,4.53,no,Tartu
744,152,61,clothing,58.63,2.49,12,23,4,0,1,5.0,yes,Other
745,192,380,bags,9.53,2.49,2,25,4,0,0,4.73,yes,Tallinn
746,227,440,shoes,9.72,5.99,65,35,7,0,0,4.61,no,Pärnu
747,177,319,clothing,34.37,4.99,13,43,4,0,0,4.59,yes,Narva
748,99,302,home,35.98,4.99,17,30,3,0,0,,yes,Tallinn
749,240,344,clothing,36.03,2.99,5,23,2,0,0,4.41,yes,Tallinn
750,36,11,accessories,20.52,3.49,12,18,2,0,0,4.75,yes,Tallinn
751,210,62,home,22.47,5.99,10,9,2,1,0,4.12,yes,Narva
752,241,226,bags,30.86,3.49,1,95,4,0,0,,yes,Tartu
753,231,153,home,26.05,3.49,2,218,4,0,0,4.46,no,Narva
754,96,564,clothing,5.19,5.99,33,88,4,1,0,4.89,no,Tallinn
755,152,571,shoes,20.89,4.99,5,10,4,0,1,4.94,no,Pärnu
756,151,584,clothing,13.52,5.99,4,61,5,0,0,4.01,no,Tallinn
757,190,660,accessories,27.73,3.49,13,75,3,0,0,4.4,yes,Pärnu
758,224,575,home,198.28,4.99,26,21,3,0,0,4.3,yes,Other
759,37,310,clothing,31.73,2.49,1,47,1,1,0,3.97,yes,Pärnu
760,12,243,accessories,19.7,5.99,15,20,6,0,0,4.24,no,Tallinn
761,113,493,clothing,46.77,5.99,2,119,6,0,0,5.0,no,Narva
762,183,366,bags,34.39,4.99,1,42,5,0,0,4.81,yes,Tallinn
763,13,330,shoes,32.92,2.49,1,13,4,1,0,,yes,Tallinn
764,23,107,home,37.52,2.49,32,55,3,0,0,4.89,no,Other
765,217,226,bags,103.5,4.99,2,78,2,0,0,4.34,no,Tartu
766,99,218,clothing,11.12,2.99,1,36,3,1,1,4.47,no,Tallinn
767,105,506,clothing,34.18,5.99,10,46,4,0,1,4.81,yes,Other
768,30,259,clothing,12.83,5.99,33,28,4,0,0,4.75,yes,Narva
769,17,517,clothing,36.19,3.49,5,11,4,0,0,4.4,no,Other
770,113,54,clothing,12.9,4.99,10,26,8,0,0,4.07,no,Other
771,62,47,electronics,18.32,3.49,1,48,3,0,0,5.0,no,Pärnu
772,84,689,bags,19.95,3.49,11,27,4,0,0,4.55,no,Tartu
773,112,521,shoes,48.57,2.49,16,62,3,0,0,4.49,no,Tartu
774,217,99,clothing,46.66,5.99,15,21,5,0,0,4.64,no,Narva
775,86,20,electronics,10.26,3.49,7,176,6,0,0,4.52,yes,Other
776,141,573,accessories,25.49,2.49,7,63,7,0,0,4.64,yes,Narva
777,187,490,clothing,14.93,4.99,2,37,7,0,0,5.0,no,Narva
778,19,419,accessories,10.17,3.49,8,21,3,1,0,4.56,yes,Tartu
779,177,690,bags,21.08,5.99,2,76,3,0,0,4.19,yes,Tartu
780,100,62,clothing,19.77,3.49,26,16,3,1,0,4.54,no,Tartu
781,140,145,shoes,134.12,4.99,61,16,3,0,0,4.44,no,Tallinn
782,189,216,shoes,33.22,3.49,63,2,7,0,0,,yes,Other
783,233,3,clothing,9.35,5.99,36,18,4,0,0,5.0,yes,Narva
784,147,160,home,16.52,2.49,17,97,5,0,0,4.64,no,Other
785,76,120,electronics,50.15,5.99,22,5,2,0,0,4.15,no,Narva
786,9,89,accessories,105.84,2.49,6,13,5,0,0,4.17,no,Narva
787,199,329,shoes,8.08,2.99,18,44,6,1,0,4.61,yes,Narva
788,28,580,shoes,6.58,5.99,11,4,10,0,1,4.72,yes,Narva
789,206,357,accessories,90.89,5.99,12,19,2,0,0,4.47,no,Pärnu
790,223,610,bags,32.22,4.99,26,84,6,1,0,4.43,no,Pärnu
791,128,267,clothing,13.36,3.49,6,188,7,1,0,,no,Tallinn
792,52,617,shoes,35.67,2.49,7,39,3,1,0,4.59,yes,Tartu
793,83,323,electronics,3.88,2.49,47,13,5,0,0,3.77,yes,Narva
794,111,635,shoes,24.59,4.99,1,13,2,0,0,,yes,Other
795,144,541,clothing,30.86,4.99,12,34,4,0,0,4.38,no,Pärnu
796,117,649,accessories,46.85,3.49,44,39,3,0,0,5.0,no,Tartu
797,69,195,clothing,12.06,3.49,17,160,3,0,0,4.32,yes,Tallinn
798,99,332,clothing,26.05,5.99,14,72,1,0,0,4.66,yes,Tartu
799,140,170,clothing,12.84,2.99,5,32,6,0,0,4.68,no,Narva
800,25,521,clothing,29.33,3.49,8,176,3,0,0,5.0,yes,Tartu
801,180,463,accessories,13.11,4.99,34,452,7,0,0,5.0,no,Narva
802,123,40,shoes,18.44,3.49,15,53,6,0,0,,no,Pärnu
803,213,537,clothing,12.22,2.49,13,16,3,0,0,,yes,Pärnu
804,228,261,electronics,38.7,2.99,2,24,3,0,0,4.37,yes,Narva
805,53,395,electronics,44.74,5.99,0,14,2,0,0,4.52,no,Other
806,151,226,electronics,20.82,2.49,60,3,4,0,0,4.45,yes,Pärnu
807,144,124,clothing,25.2,2.49,9,40,5,0,0,4.79,yes,Other
808,57,38,shoes,8.9,2.99,17,149,6,0,0,4.75,no,Narva
809,39,328,home,19.89,5.99,1,7,5,0,1,4.81,no,Narva
810,109,251,accessories,23.69,4.99,21,31,1,1,0,5.0,no,Pärnu
811,181,176,clothing,153.63,5.99,49,16,8,0,0,5.0,yes,Other
812,42,602,clothing,11.26,3.49,15,48,8,0,0,,yes,Narva
813,186,454,shoes,68.37,2.49,2,26,3,0,0,4.98,yes,Pärnu
814,167,37,home,49.29,3.49,16,9,6,0,0,4.48,yes,Narva
815,142,316,bags,29.86,4.99,26,12,4,0,0,5.0,no,Tartu
816,223,688,shoes,84.02,3.49,9,14,3,0,1,4.97,yes,Tartu
817,122,593,clothing,31.83,5.99,38,100,7,0,0,4.95,no,Pärnu
818,133,114,accessories,32.21,3.49,19,96,3,0,0,4.63,yes,Narva
819,163,40,electronics,23.64,4.99,41,23,4,0,0,4.37,yes,Pärnu
820,215,301,shoes,57.77,4.99,18,90,7,0,0,4.11,no,Tallinn
821,221,224,accessories,52.85,4.99,3,26,4,0,0,,yes,Pärnu
822,235,318,home,15.83,5.99,7,22,6,0,0,5.0,yes,Pärnu
823,75,349,clothing,9.74,4.99,4,32,5,0,0,4.49,yes,Tartu
824,146,115,shoes,21.28,2.49,43,39,11,0,0,4.87,yes,Tartu
825,239,698,clothing,14.01,4.99,26,18,3,1,0,4.9,yes,Narva
826,76,323,accessories,23.47,3.49,20,31,4,0,0,4.5,yes,Pärnu
827,9,568,bags,58.34,3.49,6,61,2,0,0,5.0,no,Pärnu
828,74,40,bags,106.85999999999999,3.49,4,34,3,1,0,3.58,no,Narva
829,186,40,accessories,23.81,5.99,25,31,0,0,0,4.17,yes,Other
830,236,289,shoes,25.55,3.49,12,47,5,0,0,4.28,yes,Narva
831,145,262,home,44.43,5.99,5,55,5,0,0,4.31,no,Tartu
832,230,216,bags,5.09,5.99,17,28,2,0,0,4.72,yes,Tartu
833,7,147,clothing,16.04,4.99,1,20,3,1,0,4.7,no,Pärnu
834,174,336,accessories,28.44,2.49,7,36,6,0,0,4.74,no,Tartu
835,141,168,accessories,56.83,4.99,11,7,3,0,1,,yes,Narva
836,168,92,clothing,17.39,4.99,3,25,4,0,1,4.27,no,Pärnu
837,170,353,electronics,6.6,5.99,75,3,5,0,0,4.17,no,Narva
838,137,571,home,37.86,5.99,4,7,2,1,0,4.74,no,Narva
839,178,571,clothing,15.72,3.49,3,6,4,0,0,4.38,yes,Pärnu
840,27,681,home,10.67,3.49,4,77,4,0,0,4.05,no,Other
841,122,363,clothing,15.85,4.99,26,30,6,0,0,4.94,no,Tartu
842,194,557,clothing,21.56,2.99,10,10,3,0,0,5.0,yes,Tallinn
843,5,345,clothing,16.07,2.99,15,47,3,0,0,5.0,no,Tallinn
844,29,693,home,5.24,3.49,0,73,5,0,0,4.67,yes,Tallinn
845,165,170,accessories,45.97,2.99,1,47,4,0,0,4.82,yes,Tartu
846,166,356,clothing,59.88,3.49,11,25,5,0,0,5.0,no,Other
847,83,191,shoes,38.71,5.99,31,37,6,1,0,4.38,no,Narva
848,136,667,bags,11.06,4.99,39,67,5,0,0,4.99,no,Pärnu
849,240,422,clothing,21.31,2.49,2,20,1,0,0,4.7,no,Other
850,109,7,home,24.42,4.99,14,31,5,1,0,4.92,yes,Tallinn
851,65,133,electronics,37.31,3.49,44,24,4,0,0,4.67,yes,Tartu
852,86,557,shoes,39.17,3.49,9,7,0,1,0,,no,Tartu
853,244,31,home,14.67,4.99,32,68,5,1,0,4.68,yes,Pärnu
854,145,535,shoes,25.98,3.49,3,191,3,0,0,4.08,no,Narva
855,71,426,home,33.79,2.99,49,14,4,0,0,5.0,yes,Other
856,217,394,accessories,67.97,2.99,25,71,4,0,0,4.27,yes,Other
857,45,672,bags,40.17,3.49,51,14,6,0,0,5.0,yes,Other
858,132,363,clothing,42.62,3.49,20,34,5,0,0,,yes,Narva
859,36,437,home,26.02,2.99,8,116,2,0,1,5.0,no,Narva
860,70,670,shoes,65.85,3.49,50,19,2,0,0,5.0,no,Narva
861,159,551,clothing,32.68,3.49,6,30,4,0,0,4.75,no,Pärnu
862,19,82,clothing,13.43,4.99,7,6,6,0,0,4.78,yes,Tartu
863,189,356,bags,65.52,2.49,22,16,5,1,0,4.75,yes,Tallinn
864,108,258,shoes,39.99,2.99,26,5,5,0,0,3.9,yes,Narva
865,182,589,accessories,17.99,4.99,48,44,6,0,0,4.64,yes,Tartu
866,167,524,home,17.54,2.49,4,63,4,0,0,4.21,yes,Narva
867,91,295,clothing,30.19,3.49,29,25,3,1,0,4.66,yes,Tallinn
868,202,224,accessories,33.93,3.49,24,39,3,1,0,4.2,yes,Narva
869,90,525,clothing,28.17,4.99,1,22,5,0,0,4.19,yes,Tartu
870,19,46,electronics,30.51,3.49,9,58,4,1,0,5.0,yes,Pärnu
871,39,667,electronics,80.64,5.99,6,34,4,0,0,,no,Tallinn
872,126,113,bags,51.94,4.99,7,5,3,1,0,4.6,yes,Tartu
873,195,233,accessories,28.03,2.49,73,70,3,0,1,4.66,yes,Other
874,173,17,clothing,47.41,4.99,19,21,1,0,0,4.51,no,Other
875,141,360,shoes,11.91,2.99,23,10,2,0,0,4.8,yes,Other
876,242,223,electronics,32.41,4.99,68,20,7,0,1,4.36,no,Pärnu
877,220,448,shoes,87.05,3.49,9,5,2,0,0,4.95,yes,Narva
878,126,365,shoes,21.06,3.49,29,10,4,0,0,4.51,no,Narva
879,58,675,shoes,13.55,5.99,10,34,3,1,1,4.45,yes,Narva
880,148,326,electronics,15.54,5.99,37,37,3,0,0,4.61,no,Pärnu
881,220,467,clothing,11.44,5.99,4,39,7,0,0,4.39,yes,Other
882,200,414,clothing,14.16,2.49,53,30,3,0,0,4.72,no,Narva
883,61,455,accessories,18.93,5.99,4,16,2,0,0,4.41,yes,Pärnu
884,127,586,electronics,9.17,2.49,7,29,1,1,0,4.76,yes,Pärnu
885,105,233,clothing,24.8,5.99,25,20,4,0,0,5.0,no,Tartu
886,167,224,clothing,46.14,2.49,9,7,2,0,0,4.35,yes,Narva
887,1,412,clothing,13.0,4.99,17,15,4,0,0,4.55,no,Other
888,131,572,clothing,71.06,4.99,11,67,7,0,0,4.76,yes,Tallinn
889,205,335,shoes,35.08,3.49,24,1000,4,1,0,4.45,yes,Pärnu
890,92,222,accessories,50.47,2.49,5,54,5,0,1,4.76,no,Tartu
891,190,37,accessories,15.48,2.99,1,120,8,1,0,4.79,yes,Tallinn
892,249,278,bags,44.62,3.49,6,32,4,0,0,,yes,Pärnu
893,191,196,shoes,11.42,4.99,12,144,3,0,0,4.39,no,Tartu
894,113,484,electronics,45.75,2.49,3,190,7,1,1,4.27,no,Narva
895,153,242,shoes,27.67,5.99,8,6,4,0,0,4.49,no,Tartu
896,56,324,home,36.14,2.99,9,37,5,0,0,,yes,Pärnu
897,161,192,bags,10.77,4.99,1,32,8,0,0,4.8,yes,Narva
898,166,17,clothing,13.11,3.49,16,20,4,0,0,4.19,yes,Other
899,117,524,accessories,37.27,2.49,39,47,3,1,0,5.0,yes,Tartu
900,134,401,clothing,12.63,2.99,3,31,1,0,0,5.0,no,Tallinn
901,58,22,accessories,33.93,2.49,16,15,1,1,1,4.6,yes,Narva
902,44,474,clothing,9.42,5.99,20,29,8,0,0,4.9,yes,Narva
903,173,120,clothing,44.42,3.49,10,89,5,0,0,4.03,yes,Other
904,160,210,electronics,10.35,2.49,22,35,3,0,0,,no,Tartu
905,173,306,clothing,36.11,4.99,10,53,5,0,0,4.39,no,Tallinn
906,61,270,electronics,38.01,3.49,13,23,4,1,0,4.56,no,Other
907,47,687,clothing,15.06,4.99,0,45,3,0,0,3.95,yes,Tartu
908,149,285,bags,36.87,2.49,21,10,1,0,0,4.77,no,Tallinn
909,80,676,accessories,29.44,3.49,19,19,5,1,0,4.21,no,Tallinn
910,118,227,shoes,16.82,4.99,1,27,3,0,0,4.64,yes,Pärnu
911,213,381,clothing,12.11,5.99,8,10,4,0,1,4.41,yes,Tallinn
912,203,460,clothing,6.21,5.99,70,14,9,0,0,4.22,yes,Tartu
913,229,7,clothing,31.34,2.49,10,40,7,0,0,4.32,yes,Other
914,164,29,clothing,8.2,3.49,13,34,5,0,0,4.68,no,Other
915,227,33,accessories,26.23,2.99,43,62,4,0,0,4.15,yes,Pärnu
916,147,646,home,20.4,3.49,23,17,1,0,0,4.34,yes,Tartu
917,20,79,electronics,39.46,5.99,16,32,7,0,1,4.83,no,Tallinn
918,185,459,accessories,19.86,4.99,29,16,2,0,0,5.0,no,Pärnu
919,146,570,accessories,19.48,2.99,36,57,7,0,1,,no,Narva
920,47,538,accessories,40.95,2.49,11,88,4,0,0,4.28,yes,Tartu
921,233,482,clothing,31.02,2.99,12,46,6,1,0,4.47,yes,Pärnu
922,49,430,home,30.61,2.49,9,78,5,0,0,4.61,yes,Other
923,14,285,accessories,204.42000000000002,2.99,61,31,6,0,0,4.48,yes,Pärnu
924,143,516,bags,8.37,2.49,22,62,6,0,0,4.92,yes,Narva
925,159,99,clothing,41.67,2.49,2,32,2,0,0,4.68,no,Tartu
926,1,397,shoes,37.66,2.99,36,12,5,0,0,4.92,yes,Pärnu
927,117,489,shoes,12.04,2.99,12,37,5,0,0,4.49,yes,Tallinn
928,54,39,electronics,20.68,2.49,1,12,7,0,0,5.0,yes,Tartu
929,118,271,bags,23.87,5.99,14,246,3,0,0,4.54,no,Pärnu
930,3,157,shoes,22.33,2.99,10,22,2,0,0,4.26,no,Pärnu
931,144,75,home,30.99,3.49,38,54,5,0,0,5.0,no,Tartu
932,215,130,clothing,66.82,4.99,4,30,7,0,0,3.96,yes,Other
933,185,687,shoes,52.31,2.49,32,80,4,0,0,4.34,yes,Tallinn
934,203,84,clothing,9.79,2.49,15,5,5,0,0,,yes,Tartu
935,12,22,accessories,37.92,4.99,1,59,4,0,0,5.0,yes,Tallinn
936,74,459,home,62.19,5.99,64,121,6,0,0,5.0,no,Tallinn
937,224,539,clothing,32.16,4.99,13,15,2,0,0,5.0,no,Tartu
938,16,382,electronics,52.65,2.99,6,7,5,0,0,4.48,no,Pärnu
939,200,440,clothing,100.34,4.99,11,22,3,1,0,5.0,no,Other
940,102,604,home,50.23,2.49,35,13,6,1,0,4.73,no,Tallinn
941,204,21,accessories,29.21,4.99,7,17,4,0,0,4.94,yes,Tallinn
942,152,303,electronics,50.99,3.49,4,52,4,0,0,4.66,no,Pärnu
943,156,84,clothing,27.15,2.99,2,29,7,0,0,4.58,yes,Tartu
944,117,659,home,24.95,4.99,6,14,1,0,1,,no,Other
945,8,453,accessories,19.18,2.49,27,51,2,0,0,4.53,yes,Tallinn
946,122,387,clothing,73.29,2.99,11,55,5,0,0,4.81,yes,Tallinn
947,92,507,electronics,13.83,2.49,5,22,2,0,0,4.73,no,Tartu
948,164,257,clothing,71.71,5.99,3,34,5,0,0,4.59,yes,Pärnu
949,90,570,electronics,34.81,3.49,7,48,4,0,0,5.0,yes,Narva
950,136,527,clothing,9.21,5.99,51,44,0,0,0,3.56,yes,Pärnu
951,186,162,accessories,31.73,3.49,8,31,3,0,0,4.78,yes,Tallinn
952,60,163,bags,5.64,4.99,80,109,3,0,0,4.85,no,Tallinn
953,178,524,clothing,38.01,2.99,12,51,1,0,0,5.0,no,Other
954,28,271,clothing,45.59,4.99,4,20,3,1,0,,yes,Pärnu
955,220,492,clothing,16.21,3.49,40,160,5,0,1,4.67,yes,Narva
956,101,208,shoes,26.75,3.49,11,18,6,0,0,4.95,no,Other
957,41,539,clothing,96.34,3.49,22,53,2,0,0,5.0,yes,Narva
958,228,584,bags,17.22,2.49,74,17,3,1,0,4.49,yes,Other
959,192,60,clothing,11.69,2.99,1,20,4,0,0,4.69,yes,Pärnu
960,155,430,clothing,69.21,4.99,2,78,4,0,0,5.0,no,Tallinn
961,246,657,accessories,96.91,4.99,23,36,4,0,0,3.86,yes,Narva
962,191,605,clothing,24.6,5.99,6,88,5,0,0,4.36,yes,Pärnu
963,145,309,home,49.8,3.49,4,61,0,0,0,5.0,yes,Narva
964,201,520,electronics,62.74,3.49,1,10,3,1,1,,yes,Pärnu
965,161,591,accessories,14.59,3.49,0,27,5,0,0,4.78,no,Other
966,245,27,bags,17.47,4.99,27,73,6,1,0,4.44,yes,Pärnu
967,212,686,home,58.07,5.99,3,10,8,0,0,4.29,yes,Other
968,205,562,clothing,79.8,2.49,11,44,3,1,0,4.39,yes,Tallinn
969,220,199,clothing,36.38,2.99,17,29,4,0,0,5.0,yes,Other
970,240,387,clothing,13.25,2.49,10,6,3,1,1,,no,Tartu
971,157,349,accessories,98.59,4.99,0,33,4,0,0,4.64,no,Tallinn
972,141,693,clothing,16.92,3.49,28,14,4,0,0,4.34,yes,Pärnu
973,46,536,bags,19.4,2.99,0,10,5,0,0,4.89,yes,Pärnu
974,35,378,home,31.18,4.99,26,30,3,0,0,4.41,yes,Tartu
975,134,558,electronics,72.81,4.99,40,5,2,0,0,4.57,no,Pärnu
976,82,527,shoes,44.6,4.99,10,16,5,1,1,4.01,no,Tallinn
977,115,153,clothing,32.8,2.99,14,298,6,0,0,4.04,yes,Tallinn
978,197,206,electronics,33.93,2.99,12,54,1,0,0,4.6,no,Other
979,47,455,bags,25.29,5.99,9,14,6,0,0,4.14,no,Narva
980,153,273,clothing,36.26,5.99,39,106,6,1,0,5.0,no,Pärnu
981,194,236,clothing,4.18,2.49,40,12,5,0,0,3.88,yes,Tartu
982,10,521,home,19.93,2.99,7,18,3,0,0,4.32,yes,Tallinn
983,56,678,accessories,29.05,2.99,17,11,3,0,0,4.61,yes,Tallinn
984,30,501,electronics,10.96,2.99,47,38,4,0,0,4.47,no,Tallinn
985,242,117,electronics,32.15,5.99,59,103,3,0,0,4.21,no,Narva
986,109,386,bags,21.26,4.99,13,12,3,0,0,4.26,no,Narva
987,5,344,shoes,83.83,3.49,11,5,1,0,0,4.25,yes,Pärnu
988,119,584,shoes,73.78,5.99,6,80,6,0,0,4.5,yes,Tartu
989,248,395,clothing,17.71,2.99,57,121,5,0,1,5.0,yes,Narva
990,33,64,shoes,22.07,5.99,3,5,6,0,0,,no,Other
991,118,72,accessories,23.29,2.49,16,45,4,0,0,5.0,yes,Narva
992,65,274,bags,17.88,2.99,6,37,6,0,0,4.78,yes,Tallinn
993,146,320,home,28.12,2.49,6,15,5,0,0,4.99,no,Tartu
994,224,338,shoes,14.43,2.99,9,9,3,0,0,3.62,yes,Pärnu
995,239,366,bags,11.12,5.99,121,73,4,0,0,4.49,yes,Narva
996,177,495,bags,37.94,4.99,1,35,2,0,0,5.0,yes,Tallinn
997,11,607,bags,38.12,3.49,16,38,1,0,0,4.4,no,Other
998,85,166,accessories,13.97,2.49,2,17,5,0,0,5.0,no,Other
999,26,544,clothing,45.91,5.99,3,15,3,0,0,5.0,no,Pärnu
1000,63,11,shoes,15.77,4.99,10,3,7,0,0,4.44,yes,Pärnu
